{"aspect_Ratio": 0.9964816003570253, "DistortCoeffs": [[0.10922897938228905, -1.0494558572287342, -0.0020674724895190398, -0.007733282352047968, 2.2544677205364465]], "focal_Length": 1512.1388699248118, "fov_y": 39.43240908618399, "fov_x": 64.81985107724927, "CameraMatrix": [[1512.1388699248118, 0.0, 925.5010507830161], [0.0, 1506.8185610647402, 548.0038329210614], [0.0, 0.0, 1.0]], "retval": 3.1322029660448103, "principal_Point": [925.5010507830161, 549.938737177605]}